[
{
  "timestamp": "2024-08-22 12:03:01",
  "cpu": {
    "user": "36.0",
    "system": "14.6",
    "nice": "0.0",
    "idle": "49.4",
    "wait": "0.0",
    "hi": "0.0",
    "si": "0.0",
    "st": "0.0"
  }
},
{
  "timestamp": "2024-08-22 12:04:01",
  "cpu": {
    "user": "40.7",
    "system": "14.3",
    "nice": "0.0",
    "idle": "28.6",
    "wait": "16.5",
    "hi": "0.0",
    "si": "0.0",
    "st": "0.0"
  }
},
{
  "timestamp": "2024-08-22 12:05:01",
  "cpu": {
    "user": "17.9",
    "system": "11.6",
    "nice": "0.0",
    "idle": "56.8",
    "wait": "13.7",
    "hi": "0.0",
    "si": "0.0",
    "st": "0.0"
  }
}
]
