[
{
  "timestamp": "2024-08-22 12:03:01",
  "memory": {
    "total": "15877",
    "used": "10201",
    "free": "871",
    "shared": "939",
    "buff_cache": "6109",
    "available": "5676"
  }
},
{
  "timestamp": "2024-08-22 12:04:01",
  "memory": {
    "total": "15877",
    "used": "10232",
    "free": "843",
    "shared": "948",
    "buff_cache": "6115",
    "available": "5645"
  }
},
{
  "timestamp": "2024-08-22 12:05:01",
  "memory": {
    "total": "15877",
    "used": "10166",
    "free": "953",
    "shared": "930",
    "buff_cache": "6052",
    "available": "5711"
  }
}
]
